body,label
TL; DR: In a [year-end report]([URL] the Angus Reid Institute has identified five issues to watch in 2022: * How do governments respond to pressing issue of climate change * Inflation and mortgages squeeze Canadian households * The shifting dynamics of work * China and Canada – what now? * Elections in Quebec and Ontario COVID-19 and its variants will continue to be intertwined into all other issues affecting Canadians. It's the umbrella casting shade over all other stories and is therefore not mentioned as its own item to watch.,climate information
"Right - but its not about just saying it as an individual member of an organization. It's about making statements as an organization and spending money to spread those statements on behalf of your organization. If you're an organization actively and willingly spending money on saying ""climate change is happening and we need to do something about it"" odds are you're also advocating a way to deal with it, and odds are your proposed solution/call to action aligns with a party/school of thought/MP etc.",climate information
"> Are you saying they stuffed 3.6 million votes? [Yes.]([URL] This is in addition to highly biased media reporting, which dismissed Sanders as some kind of strange fad that doesn't have a chance from the get-go. This is even though he pulled stadiums chock-full of people, when Clinton was filling classrooms. This bias was apparent from the start of the candidacies, and remained until the night of the Trump v. Clinton election. Hopefully, these same media will now act as a conscience for Trump, opposing his dumber ideas, like his [climate change denialism]([URL] But since the greater good does not appear to be *their ultimate goal*, I'm not sure I'm holding my breath...",climate policy critique
"The planet historically has supported about one billion people, granted, but how will climate change affect our once agrarian existence? maybe in the future the climate will not be so friendly to agriculture.",climate anxiety
"The intent number 1 was there, just not the second one. I know well that there are different people in America and not everyone is a climate change denier. But when your president is, it's hard to argue against",climate denial critique
"As BF4 is now canon if people are concerned about how realistic the climate crisis of BF2042 is, they can just head-canon that the war between the US and China in BF4 had a catastrophic impact in respect of climate change.",not climate opinion
"I know that Sam Harris has his controversies and I personally don't agree with a handful of his positions. That said I do believe he's generally on the side of the angels and his focus on concerns like climate change, antibiotic resistance, and economic inequality, comes from a genuine desire to create a better future. ""In this episode of the podcast Sam Harris speaks with Bruce Friedrich and Liz Specht from the Good Food Institute about the way the problems of climate change and pandemic risk are directly connected to animal agriculture. The Good Food Institute is an international nonprofit reimagining protein production."" We plant based peeps may not be significant customers for cultured meat and alternative proteins but, as Dr Greger says, these products can be a good stepping stone. And while WFPB is perhaps primarily about personal health, I think if we were offered a future where animals are removed from food production but people still consumed plenty of cultured meats and other refined products we'd probably take it in a heart beat, if only for the impact on climate and public health challenges.",climate activism
"climate change, transport solutions",not climate opinion
Well they could try a National Energy Guarantee. (Sorry that got the last PM toppled) > His address to the Resources Council in Queensland last November shows how serious he and his government takes climate change. How can you talk for 10 mins and say nothing?,climate policy critique
"Eh climate doomerism is not a good idea frankly, its not an effective strategy at energizing long term action and just makes people cynical plus it often edges into straight up dishonesty. Moral hazard issues around climate change are unavoidable, it's just a question of which ones we wanna deal with and the current strategy is sorta dumb frankly.",climate nihilism critique
"It's no longer global warming. It's now called climate change. There is too much money being made by too many people to even get unbiased information from scientists, activists and the media. When the politicians stop giving friends or donors huge lucrative contracts, buying waterfront property, and flying private jets around I will be more likely to listen to them. When celebrity and rich activists give up their yachts and mega mansions they may be worthy of attention. Then you have scientists that receive millions in grants to publish in support or against climate change. All I know is that there always has been climate change and until our sun burns out in a few billion years there always will be climate change.",climate nihilism
"i never realized what a gem that dialogue leading up to it was: ""climate change"" ""right, which is nonsense"" ""no-"" ""-i think it's crazy that..."" lmfaooo nutjob",climate denial critique
Trying to take away people's health insurance. Trying to goad North Korea into a war because it makes him feel like a big man. Trying to raise taxes on the poor and middle class while cutting taxes on the rich. Doing nothing to address climate change. ,climate policy critique
"> The difference between Modern Science, and the pseudo-scientific hogwash that attempts to masquerade as science (to push an agenda), > Is that Science will and must change its conclusions to fit the verified facts, while the hogwash starts with a conclusion and cherry-picks whatever supports that conclusion, ignoring anything inconvenient. This is absolutely true, but what is so troubling to me is how many supporters of the scientific process don't seem to detect (or at least publicly acknowledge, if detection isn't the issue) just how deep the credibility crisis for environment-related science really goes. /u/tired_of_nonsense's comment is indicative of the root of the problem, which is the pervasiveness of environmentalist influence not only outside of, but *within* the relevant fields. Environmentalism is a belief system with its own ethos, and its adherents have an agenda that hasn't always conformed with the scientific pursuit of universal, objective truth. Look at ecologists or climate scientists, and more often than not they are unapologetic and active environmentalists. When I talk to them about their environmentalist beliefs and activism, truly without fail, they rationalize this ideological conflict of interest the same way: their work left them with no other choice but to adopt environmentalist beliefs and publicly advocate for environmental protection. But as scientists, shouldn't they question this causal relationship? Was it their work that informed their environmentalist beliefs, or was it their predisposition for environmentalist beliefs that caused them to self-select their chosen fields? Until scientists begin to address the pervasiveness of environmentalism and other examples of ideological homogeneity within science, the credibility crisis will persist.",climate opinion critique
"oh sure. It is beneficial for us to die. We reproduce having offspring with small mutations. Those offspring do better or worse depending on the conditions and their mutations. Then the parents die of old age to make space and free up resources for the offspring to have offspring of their own so that a species can continue in an ever changing environment. Occassionally though, as has been pointed out, some species do 'accidentally' develop negligent senescence, seemingly for no purpose and somehow manage to survive for extremely long times (5000 years old trees are the most notable example I can think of). But this appears to be rare and who knows if it has ever happens in an animal as complex as a large mammal before in the course of history. Chances are that even if it did, that animal died via natural predation or climate change anyway.",not climate opinion
"Yang losing in Climate Change and Racism, sexism Discrimination is just weird. Yang didn't even get to answer any questions on that topic and it wasn't part of the debate. Warren being 1st on economy is just wrong. MSM didn't show Yang's answer regarding the Wealth Tax and automation and how Yang debunked Warren. MSM just showed Warren wanting to tax the rich with a wealth tax. 538 needs to do better on their polls",climate policy critique
"Kinda like all animal documentaries now: ""look at these cute lion puppers, look at that funky colored fishes, BUT CLIMATE CHANGE.""",climate opinion critique
"Well ive seen numerous attacks from Max on Leftism. I don't know why someone would vote for a leader, when that person is attacking them (totalitarian leftist mob). It's just a bad political move, and Max says he won't change. Or take his attacks on climate change people, he calls them ""climate hysteria"", he should use a different word instead. But it's clear he is pandering to his base with that wording, while IMHO alienating people not in his base.",climate policy critique
"You are all over this thread arguing for individual action over collective action. I think everyone agrees that individual action is good, but scale of the problem is enormous. Absent societal change at the government level climate change simply will not be stopped. Today's global protest is collective action to compel governments to make exactly that sort of societal change. If you support that cause, then say so and then shut up. Asking what more the protesters could be doing on an individual level misses the point, and verges on undermining the protest by insinuating hypocrisy. Collective political protest to sway government decisions is good even if every protestor is a meat eating, combustion engine driving, non-recycling polluter, which (as many others have pointed out) they're not.",climate activism
I did not say that all meat farming is free roaming cows.. Not even close. My whole point is exactly what you are saying also if I'm reading this right. It's not about the product. It's the farming methods. The original comment said we all need to go to plant based diets to reduce climate change. Not true. We need better farming methods. I'm against ANY farming that exceeds the planet capacity of treating the pollution it causes. Not just meat products but plant products too!!,climate activism
"Is being a conservative basically just a lifetime of giving up on certain social issues and finally shifting to the left when you lose electorally? Gay marriage, climate change, possibly healthcare in the future...",climate policy critique
"I fail to see how this is lit, climate change is not s good thing.",climate anxiety
"I have no idea if your question is true. For those areas where I don't have expert knowledge I depend on the mechanism of science including the scientific method to inform me as to the most logical or the prevailing theory. What informs you that religion is true? What evidence do you evaluate to determine if jesus existed (to take one religion). That he was born of a virgin? That he died and was resurrected? These are all facts which diametrically are opposed by the laws of physics and nature itself. If a scientist made such a statement, it would take hundreds of scientists, thousands of experiments, journal articles and many years of withering peer reviews to bring this into the family of scientific facts (see evolution, cosmology, climate change, etc, etc, etc). Compare and contrast to such biblical ""facts""? You're not even on the same ground as science.",not climate opinion
throwing shade at climate change,not climate opinion
"I'd put climate change over white nationalism, but the two are intertwined at many junctions. But I agree, less racism is good.",climate change importance
Topics of climate change and evolution are exhausting. You've lost the argument and the only reason you don't see it is because you don't understand the topics,climate apathy
">And then you take the word of a Indian journalist writing on a Marxist website 1. I didnt take the the word of these folks nor did I quote them. 2. You use the terms ""indian"" and ""marxist"" as pejoratives - I dont consider them as such, so your entire comment mostly just confuses me. 3. The US is the wealthiest nation in the history of the world, so why can we not take care of the basic needs of our citizens? Why does capitalism continue to fail to address some of the biggest challenges we face, like climate change? ",climate policy critique
"That climate change can miraculously be stopped by scientific innovation without a massive socioeconomic shift. Cars need to go. Concrete needs to go, hell even cow farms have to go. I agree that science can seriously help. But it is worrying how people just seem to think itll all be ok I'm sorry. I'm am oceanographer and I needed to vent",climate activism
"I can't help but feel like, if your industry is no longer sustainable, it's time to find a new industry? I don't see a lot of blacksmiths left over from the 1800s before industrialism swept through and changed the face of everything. They had to adapt. People who depended on timber have had 20 years to adapt. Certainly can't harvest timber when climate change comes through and burns all the trees right up. It just rings as a hollow and selfish argument to me.",climate information
"The ones that they themselves live in- that is the part that I don't get. THEIR planet too. They won't believe in climate change, yet think wealth has magic protective powers. Unless they are building a space ark or found the entrance to Hollow Earth, air-conditioned skyscrapers ain't gonna protect you.",climate opinion critique
"This is great news; a republican acknowledging climate change. Baby steps people, baby steps.",climate opinion critique
Damn wait really? I guess I am actually pretty ignorant on the topic but that sounds super low to me. Seems that the real threat from climate change is natural disasters and changing weather. 1-2 feet of sea level rise doesn't even sink Morrissey blvd I'm p sure?,climate information
"That if EVERY preventative measure was immediately engaged in an attempt to avert climate change, it would have almost negligible impact in enough time to change anything.",climate nihilism
"Good, I'm at the same point aside from the XR rally thing, but again I contest that their brand and way is the *only* way. People on here love to judge as though they're doing more and the other person isn't doing enough because they dared criticise, but what good is that in the grand scheme? Since when did climate change become a social media one-upmanship device, rather than something that matters? It's daft.",climate action critique
"Yeah man, which is why even though we've known about climate change for decades now not one of these billionaire philanthropists has done anything worthy of any kind of recognition yet, and in fact emissions have actually increased substantially in the last two decades. It's why colleagues in my faculty have actually gone from writing papers about emissions reduction using market-based tools to writing papers about climate change adaptation about market-based tools in the last 5 years. Because all those market-based solutions are working so well right now, and government intervention in an obviously inefficient market could never work!",climate policy critique
"What is the best argument for people who think climate change is not man made? I am being very serious, many people are unconvinced, even here in WA state. Thanks for the answer Mr. Former Vive President Gore! ",climate activism
Please. We're more capable of adaptation than any other species. This ridiculous statement is just as damaging to the climate change fight as those who deny. ,climate opinion critique
"If you install solar panels, there's an initial carbon cost but eventually that cost is offset, and eventually can become profitable. After the offset period, the sun is providing electricity which can be sold for a profit. It's not about good economy vs bad economy; the solution to climate change is a _zero carbon_ economy. (Or net negative if we're honest about the scale of what needs to be done to avert disaster.)",climate activism
"Don't know why you're being downvoted. While it may sound alarmist (?), climate change *is* going to fundamentally change the world for the worse. First and foremost, we haven't even begun to see mild affects of climate change, they will take maybe 50 years to set in, and we can't do anything to stop it now. It's coming, and it's up to the world to prepare for it. The question remains: will the world prepare for it? No. We can't even agree to take *real* steps to stop climate change (the Paris Agreement is a joke in *this* regard). We squabble over stupid issues and take no serious steps to prepare for it, and as a result and certainly before 2100, we will see huge swaths of once populated areas on Earth become uninhabitable, and mass migrations will be the result. Countries receiving these migrations won't have the economic let alone physical infrastructure to accommodate millions of refugees. They should've been preparing years ago, because the migrations are just now starting. The economic strain and loss of natural resources is going to force many countries to go to war. All of these things are going to drive human society, culture - everything - to a halt until some sustainable solution is made. If you've seen Children of Men, you can expect society to become something like that (minus the fertility problems). The world won't end. But many *many* people are going to suffer because of climate change. The world will be a fundamentally different place in 2100, and it won't be a gleaming gem of technological human achievement we project it will be. Td;lr If you think we're gonna make it to 2100 in one piece you're gonna be disappointed. ",climate nihilism
My source is the government of Canada. :Canada: Both current: [URL] And past: [URL] ,not climate opinion
"Claimed a double helix painting was proof an ancient civilization understood DNA when it was just a picture of snakes. Argued for ""enforced monogamy"" Frequently partakes in right wing political actions while claiming to not be political. Tweeted out climate change denial from Prager U Thats just a couple examples off the top of my head",climate opinion critique
"> It is, and this prediction is just that, a prediction. While I understand you sentiment, this is exactly what climate change deniers use in their arguments. It really just doesn't sit well with me.",climate denial critique
"That's why livestock production is better in terms of preventing climate change though. Instead of needing to harvest mechanically, the cattle graze the pasture instead. Not to mention all the ecological issues you'd get plowing up grassland and trying to put rowcrops on it.",climate activism
"The earth has changed climates many a time. If the science behind it was so true it wouldn't divide the scientific community either, everyone can agree that the invention of penicillin was amazing. Science hasn't been so simple with climate change. Some are saying the ozone layer is healing others are saying its worse.",climate denial
"""Climate change doesn't real."" ""Your Oil rig just got destroyed by a massive hurricane that shouldn't possibly exist."" ""Not my fault!""",climate opinion critique
Do you find it hard to believe there exists a liberal who believes in climate change and is also anti-vaccine?,climate opinion critique
"a global scale collapse that will kill off billions due to climate change, or the wars because of climate change ",climate nihilism
"I thought that their Education Minister pushed for creationism, and their Environment Minister didn't believe in manage climate change? In that case you *could* argue that they are representative of party beliefs because they're who the party have chosen to represent them. (Correct me if I'm wrong, this is what my Irish dad told me and I haven't checked myself!)",climate policy critique
"Just because some journalists participate in yellow journalism as a deliberate ploy to make money doesn't mean ALL journalists do. If you're going to toss out an entire load of apples because of two mangled ones doesn't mean you have to switch to eating dog shit for nourishment because you don't want apples. Trump lies, climate change is real, you can't magically keep antiquated jobs by saying that we will. Not all criticism of him is inflammatory in an attempt to grab viewers. Some news stories are lies does not equate to ALL news stories are lies.",not climate opinion
"It's incredible how hard this is to understand. I'm a conservatarian and it pisses me off when people say *all* -- or broadly generalize -- conservatives don't believe in climate change. No, most *actual* conservatives do; you meant to say mainstream Republicans who couldn't tell you anything about actual conservative ideology. The issue and disagreement most conservatives have is that yes, climate is changing, but we're not going to completely change, uproot, and go to extremes in our lives when we have no evidence that it will *100%* fix the issue. I'm not against small changes and becoming more eco-friendly; but expecting people to just instantly and drastically change their lives is quite unrealistic.",climate action critique
"It sucks that this stuff happens. It shouldn't, and I'm glad people are trying to change it. At the same time, if I ran a business, I'd be a hell of a lot less likely to hire any women in this climate. At this point, all it takes is a claim of harassment whether it's true or not. It's like being accused of child abuse...nobody asks if it's really true, your career/life is just over regardless. With the way things are today, the only thing men in the workplace can do is ensure that they're never, ever alone with a female coworker under any circumstances, otherwise they're opening themselves up to unnecessary risk.",not climate opinion
"Honestly this is the best case against climate change policies IMO - admit that yes, humans are likely causing this, but the 6 billion other people on the planet don't give a shit, so why should the 300 million of us in the US have to make sacrifices that will ultimately mean nothing?",climate nihilism
"The expansion of impermeable surfaces due to urban sprawl, or an increase in runoff/decrease in infiltration, is a part of environmental science but more affects flooding events and water quality rather than climate change. Cities should be planned with a greater infiltration system in mind, unfortunately throwing up a huge concrete parking lot seems to be the norm. As for your thoughts on 'The hoopla about green house gases being completely asinine,' you should try some more individual research on the topic, we have known that an increase in carbon dioxide emissions do lead to an increased rate of climate change for over 60 years now. The U.S. military takes climate change into account as they plan for scenarios decades from now.",climate information
Forest fires are natural.... The cause bro.... Climate change!!!!!! ,climate anxiety
absolutely in favor of all nations reducing emissions but per capita the U.S. is by far and away the worst offender. and China is at least already moving towards carbon neutrality while the U.S. continues making empty promises. dunno much about India's movement on climate change though. I bring this up bc there was a graph on r/dataisbeautiful not long ago (I remember it bc it was one of the top posts) that compared China's carbon emissions to the G7 countries. China's output is now just about equal to all the G7 countries combined which seems bad until you realize that China has nearly double the population of all those countries combined. It just reeks of propaganda aiming to direct blame away from the U.S. edit: [URL] tbh it doesn't even seem like India is that bad compared to the U.S. (and EU and China). again the entire world needs to do better on this but China is always the scapegoat for problems in the west,climate opinion critique
Go read those studies and cope and seethe about it all. Waaaaaaaah. Muh climate change.,climate anxiety
"It won't load for me, what is the emergency? Climate change or traffic build up? Thank you :slightly_smiling_face:",not climate opinion
">""By far, the biggest factor in climate change and the collapse of global biodiversity is the use of animals as a food technology. Nothing comes close. We have to get rid of it,"" This guy is fucking delusional, specially with the nOtHiNg CoMeS cLoSe. Sure bud.",climate action critique
We have always had climate change. The only difference is now we have records of the air over the course of many millennia so we understand there's a cycle of an ice age followed by heating up.,climate denial
"20,000 Scientists give dire warning about the future: [URL] The Letter: [URL]",climate information
"Aside from guns I'm pretty left. On this issue I'm somewhere right of the NRA, though. Raised by hippies in the mountains. It's a weird blend. You don't see the average liberal making these mistakes as frequently (except here on reddit), but as I pointed out before, they're not the elected officials. [Here's my favorite video of an elected official arguing that I should be put in a cage for owning a device she doesn't have a basic understanding of]([URL] and [here's a bonus]([URL] Again, I really do understand why you're frustrated by the terminology, but we really are a weirdly technical group. The short version of why is that we're using explosives to put very small holes in things very far away, so details count. Do some folks take it too far? Absolutely. Shooting is a discipline that takes thousands of hours to get good at, and the idea that someone who can't spend 30 minutes reading about the topic is legislating against us based on how they feel our weapons should look is deeply insulting. Some of us overreact and write paragraphs. Your concerns are valid. Your methodology is highly suspect bordering on how the GOP talks about climate change . I always argue that we should focus on poverty, family, and education, because that's what the science on the issue points to. If we're gonna be the party of science, let's be consistent about it. Guns are tools, but they don't drive violence.",not climate opinion
"Even if climate change wrecks the world (looks like it will unfortunately), humans find a way to survive and even thrive. It's just the roller-coaster that is new to us this time.",climate optimism
"Elon is ok. His cuck holsters are annoying though. Especially the new fans. Kinda like with Joe Rogan. All these new fans of Joe Rogan never gave a shit about his podcast until the Malone podcast. Now they love him for the antivax stance and Pelosi hate. It's the same with Musk as in they want Musk to make Twitter a new right wing hub and have King Trump return. These people never gave a shit about the environment and climate change but now they are acting like they do just because Elon is open to allowing anything on Twitter whether it's good, bad, fake, hateful, dangerous, etc. I do not think Elon will let Twitter turn into a shit show though. Overtime he will see that some moderation will be needed.",climate opinion critique
"> we're going to be having the world's first soap crossover That's a rather bold claim. Pretty sure US soaps have been doing them forever and we've had Casualty/Holby crossovers which arguably count. And from the description it doesn't *really* sound like a proper crossover anyway. > they're all going to come together and tell the same story at the same time. That story is going to be climate change."" They should have done a Family Guy/American Dad/Cleveland Show and had a hurricane tear its way up the country and through every soap set it can find.",not climate opinion
"Trump lost 4 of the most important years vs climate change, planete is dying so quickly.",climate anxiety
"> I'll ignore the male privilege comments. I don't subscribe to that world view and find it patronizing to women and minorities. And I'm white too! I guess that precludes me from having a valid opinion. I think you misunderstand the concept of priviledge. For example, it is an absolute fact that the majority of women in their lives deal with sexual harassment and assault. Nearly every woman has at least one story on this topic. As a man, I do not have such a story. Having such an experience would paint a person's opinions, as most life events do. Therefore, the priviledge of *not* dealing with such events affects your worldview. I don't really understand how you would find this to be controversial or offensive. It doesn't mean you can't have a valid opinion on the topic, but it does mean that you should attempt to understand the experiences before you make a decision, because otherwise you are coming in with an incomplete picture and a significant amount of missing facts. Regarding the rest of your comment, I believe you have a lot of things mixed up there. >The problem with your link is it assumes things will occur that have not been observed, throughout what is supposedly unprecedented warming, and are not robustly supported by actual science. Science can, and does, predict things it has not seen before. It has been successful a great number of times on this. We predicted black holes long before we observed them, because the models we were using to describe physics demonstrated the existence of black holes. The models we use for climate aren't sophisticated enough to predict regional weather... no one is making the claim they are. However, they are sophisticated enough to make global generalizations. Rising waters, for example, aren't a regional prediction and it is one based on hard science. Those rising waters will flood coastal regions. >The IPCC itself cannot attribute extreme weather, droughts, floods, to climate change (despite their damndest efforts I'm sure)... on what basis are they assuming increases in these? Desertification, changes to rainfall patterns, etc etc are theories... they are equally likely to happen as not. Just because something is a theory doesn't mean it's equally like ot happen as not. General Relativity is a theory, and yet if you drop a rock it falls. If you send a satalite into space, it needs to adjust it's time to account for GR. Evolution is a theory, but that doesn't mean it isn't real. I feel like you have fallen for the incorrect notion of what a theory is. Regarding the link you provided, you should be aware that the site you are using is a pseudoscience, conspiracy site. I'm afraid you've been had. I don't expect you to respond kindly to this, or to agree, but that is an unfortunate fact. [URL]",climate denial critique
"Remember, be friendly! Attack the argument, not the user! Comments violating Rules 1 or 2 will be removed at the moderators' discretion. [[potuswatch rules]](/r/POTUSWatch/about/rules/) [[removed comments]]([URL] [[view my code]]([URL] [[message the mods]](/message/compose?to=/r/POTUSWatch) --- **Article**: > Freshman Democratic Rep. Ilhan Omar floated taxing the wealthy at a rate of up to 90 percent, joining fellow Democrats pushing for much higher rates on the top bracket to pay for sought-after programs like ""Medicare-for-all."" > In an interview this week on ""Through Her Eyes,"" a new weekly show on Roku, Ilhan, D-Minn., suggested ""a few things"" to change when looking to pay for high-cost programs. > ""One of them is that we can increase the taxes that people are paying who are the extremely wealthy in our communities,"" she explained. ""So, 70 percent, 80 percent, we've had it as high as 90 percent. So, that's a place we can start."" > REP. ILHAN OMAR DEFENDS ISRAEL CRITICISM > She added: ""The one percent must pay their fair share."" > Omar also discussed her thinking regarding taxes on the wealthy during an appearance Thursday on ""The Daily Show."" > ""America has money. ... We don't have a problem of scarcity really. What we have is a problem of moral courage. Our budgets are supposed to be an example of our moral values, and so this is why I got on the Budget Committee because I'm excited to make sure that we have a budget that's reflective of our values,"" Omar said. > She added: ""We need to make sure that we're holding the special interest accountable, that we're getting money out of politics, that we are taxing the uber-rich, that the one percent pays their fair share."" > Omar's comments come as several high-profile Democrats propose high-cost federal programs and higher taxes on top earners. > Just this week, Sen. Bernie Sanders, I-Vt., who could launch another White House bid in 2020, offered a plan to expand the estate tax on the wealthy, including a 77 percent tax rate on billionaires' estates. > Sanders' bill, called the ""For the 99.8% Act,"" would tax the estates of the 0.2 percent of Americans who inherit more than $3.5 million. If the proposal passed, the plan would impose a 45 percent tax on the value of an estate between $3.5 million and $10 million, and a 50 percent tax on the value of an estate between $10 million and $50 million, according to Fox Business Network. The plan would generate approximately $2.2 trillion from 588 billionaires in the country. > ""Our bill does what the American people want by substantially increasing the estate tax on the wealthiest families in this country and dramatically reducing wealth inequality,"" Sanders said in a statement. ""From a moral, economic, and political perspective our nation will not thrive when so few have so much and so many have so little."" > 2020 Democratic presidential hopeful Sen. Elizabeth Warren, D-Mass., also announced a plan to raise taxes on the wealthy, applying the push to ""ultra-millionaires,"" or those with more than $50 million in assets. > Meanwhile, another 2020 hopeful, Sen. Kamala Harris, D-Calif., this week renewed her support for Medicare-for-all. > HOW MUCH WOULD 'MEDICARE FOR ALL' COST? DEMOCRATS' HEALTH CARE PLAN EXPLAINED > Several independent studies have estimated such a plan would cost about $25 to $35 trillion or more over a 10-year period. > Meanwhile, freshman Rep. Alexandria Ocasio-Cortez, D-N.Y., has floated her own proposals, planning to introduce an expansive Green New Deal plan in the coming days. > A draft text of the plan that has circulated around Congress before laid out a framework that includes eliminating greenhouse gas emissions from manufacturing and agriculture and ""dramatically"" expanding energy sources to meet 100 percent of power demand through renewable sources. The proposal also includes a job-guarantee program offering ""a living wage job to every person who wants one;"" a ""just transition"" for workers affected by climate change; basic income programs; universal health care and more. > The text of the new bill is not yet available. > As part of her plan to fund the program, Ocasio-Cortez recently suggested a 70 percent tax on the wealthy, saying that the sweeping government expansion could be paid for in part by taxpayers contributing ""their fair share."" > CLICK HERE TO GET THE FOX NEWS APP > ""Once you get to the tippie tops, on your ten millionth, sometimes you see tax rates as high as 60 percent or 70 percent. That doesn't mean all $10 million are taxed at an extremely high rate, but it means that as you climb up this ladder, you should be contributing more,"" Ocasio-Cortez said in an interview with CBS News' ""60 Minutes."" > Fox News' Adam Shaw and Mike Emanuel contributed to this report. ---",climate information
"Frankly any significant loss of the human population would be good for the world, not just this country. Over-population is the root of many of the major issues facing us, particularly climate change.",climate nihilism
"In other news : 17 Republicans break rank on climate change, & hell has snow flurries forecast for the foreseeable future. ",climate information
"Don't be naive. Europe imports most of their oil from the Middle East and USA. They have a massive financial interest in advancing alternative energies, more so than any other region of the world. Some of the biggest alternative energy companies in the world are European and they're all in bed with the politicians. Source: Bro from Germany was studying abroad in Chicago and traveled to my city and stayed in my Airbnb. His dad is an executive in an alternative energy company, fuckin loaded. Says climate change in the political sense is 97% about money. Prob not a good enough source for you but having listened to this dude tell stories over some beers, I was beyond sold",climate information
"Here are some things I've personally done: * I've talked with friends and family about a carbon tax. Over 90% of members of Congress are swayed by contact from constituents CCL on Facebook. Research shows [55% of those who engage with a cause on social media also take additional action]([URL] and if even 1% of all the friends of everyone who joined just this year became active with CCL, we would have enough volunteers to pass a bill. * I gave two [presentations]([URL] to groups of ~20 or so on Carbon Fee & Dividend and why it's a good idea that we should all be advocating for. I [arranged these presentations]([URL] myself. * I co-hosted two screenings of [Season 2, Episode 7 of Years of Living Dangerously ""Safe Passage""]([URL] * I attended two meetings in my Representatives' home office to discuss Carbon Fee & Dividend and try to get their support. It may be that at least some of these things are having an impact. [Just five years ago, only 30% of Americans supported a carbon tax]([URL] Today, [it's over half]([URL] -- and [that does actually matter for passing a bill]([URL] [The training is free]([URL] if you're interested in joining me.",climate activism
Can't handle the truth? Anthropogentic climate change is the largest existential threat our entire species is facing right now.,climate nihilism
"Not likely at all. Climate change is happening so fast and NASA funding is so low. we're stuck here. IF we are able to colonize Mars, only the best and brightest will have the boarding pass. We're all just clever little bugs crawling around a small rock in an infinite ocean. Making wrong decisions faster each day that are mounting up to wipe our species out. It's bleak but in the grand scheme of things it doesn't matter. We're a microscopic speck in the cosmos. What happens to our planet makes 0 difference to the universe. Im sure other planets and other civilizations suffered the same fate. Dreaming of traveling through space for the common citizen is just a dream. After all, we were promised jet packs.",climate nihilism
"Pelosi was the **officiant**. This was a POTUS grooming session / fundraiser. Nothing more. ​ better for his career than COP26. this shouldn't be a surprise to anyone.. ​ [URL] **California produces more renewable energy than any other state in the United States.**\[1\] In 2018, California ranked first in the nation as a producer of electricity from solar, geothermal, and biomass resources and fourth in the nation in conventional hydroelectric power generation.\[2\] As of 2017, over half of the electricity (52.7%) produced was from renewable sources.\[3\] The percentage of renewable energy in California is perhaps made more notable by the particularly high population of the state, states with similar or higher percentages of renewable energy generally have lower populations. ​ and I'm not saying ""Newsom did it,"" either. it was Arnie that got the ball rolling. should have sent him to COP26 ​ **Believe It Or Not, A Republican Once Led the California Charge on Climate Change** [[URL]",climate policy critique
"We could implement that on climate change too. No measurements, no worries",climate activism
Ban it everywhere or the positive effect not achieved. Climate change will over time destroy it. :ghost:,climate apathy
"Honestly, people would freak out 10 times more if sea levels were falling, rather than rising. Global warming is preferable to global cooling. So I think that we should be grateful, in a sense. Climate change is still going to have some serious consequences, but if there were no warming there would be cooling.",climate optimism
"Push for mandatory voting. I realize that there are a lot of challenges with this approach, but at this point it really is one of the few options left. [URL] [URL] There should be multiple independent groups allowed to verify the process. This security via chunkiness approach is deeply flawed. [URL] What happens if we don't? Siberia melts, US farmland is destroyed, mass famines, the balance of power shifts. [URL] [URL] [URL] [URL] [URL] ",climate activism
"In 15 one of my best YA players complained about the harsh English weather the second season he was in first team. I refused to sell him, the board intervened and accepted a lowball offer (30 million for a 50 or 60 million dollar player). In the end, he moved to Liverpool from Bradford, radical change of climate there. ",not climate opinion
Is climate change still a liberal msm antifa blm pizzagate conspiracy guys? Asking for a friend,climate opinion critique
"Here are some resources for you to peruse if you have actual interest in the critique of astrology. Includes scientific studies etc. * [The Student's Critical Thinking Guide to Science and Astrology]([URL] * This is an important article for skeptics, it's designed to educate them on their own logical fallacies and how to approach the critique of astrology in a rational way * Includes examples of common logical fallacies used by skeptics * Inlcudes advice on how to approach astrology in a skeptical and scientific way * Includes examples of research to study for their critique * [Astrology & Science]([URL] * A good site which includes a lot of studies and articles which would be useful for skeptics * [Peer Reviewed Astrology Studies]([URL] * [New Scientist Ariticle on Michel Gauquelin's astrology research]([URL] * [Michel Gauquelin's astrology research in more depth]([URL] * Judith Hill Winner of NCGR sponsored skeptics' challenge in 1986 * [Press Release re: skeptics challenge]([URL] * [Conducted a study which found a link between Mars and the chance of having red hair]([URL] * Skeptico's Podcast * [Episode 345: Renay Oshop, Peer Reviewed Science Comes to Astrology]([URL] * A great podcast hosted by Alex Tskaris * [Google Tech Talk 'Science and the Taboo of Psi' by Professor Dean Radin]([URL] * A must watch presentation by statistician, Profesor Dean Radin. While not directly related to astrology per say, the content is critical to understanding the climate around similar studies in astrology * He goes over a lot of statistical proof of psi-phenomena and talks about how many scientists choose to ignore the proof despite it existing * Shows how skeptics often are unable to change their mind even in the face of overwhelming scientific evidence * The talk was held at Google Tech * [7 Surprising Signs That Astrology Really Works]([URL] * A slideshow article which actually mentions some important studies",not climate opinion
Nope. You're a climate change denier and we know it.,climate denial critique
"hmm... worth being a bit paranoid these days. You never know and this just sounds like fake news, especially with the ""ties to Ted Cruz"". I fucking hate Ted Cruz and his manipulative climate change denial bullshit but this definitely seems fishy and we need a better source.",climate denial critique
"It won't be fun regardless, but even with climate change the death won't be instantaneous, it will be areas around the planet imploding, mass migration, diseases, famines, more frequent wars etc. This will be a steady uptick, not a sudden flood, with some Black Swan events thrown in here and there (eg the collapse of the East Antarctic ice shelf or a nuclear terrorist attack). The closest parallel to me would probably be Europe in the 14th Century with the Little Ice Age after the Medieval Warm Period. It was a century of profound dislocation and sowed the seeds for the next six hundred years of political, social, religious and environmental change in our world, yet it didn't happen all at once. It was the accretion of crop failures and the repeated body blows of seasonal plague outbreaks over decades that made it such a chaotic time, not one singular event.",climate nihilism
"That's really how I feel about it. Look, I do think climate change is real and we should take measures to work against it. But I'm just not convinced it's the crisis that Democrats make it out to be. It doesn't help that it's never the consumer's fault either, it's always those evil corporations polluting for the fun of it! It's certainly not because we like buying the things they make and don't want to pay a higher price just to protect the environment. It also doesn't help the Democrats ignore one of the most powerful solutions, nuclear energy. I'm sure they ignore it because it's dangerous and will end the human race and not because solar/wind energy companies lobby against it.",climate opinion critique
"> Taxation (carbon taxes). Vs. robbing taxpayers to give ""incentives"" to business? What's your plan for tackling climate change? Because the PCs ""totally not cribbed from Australia"" climate plan has been shown to be an utter failure that just costs taxpayers money. > Dept. The PCs are cutting revenues faster than programs. And if as expected, they start selling off government assets, he'll be cutting off future revenue streams making the situation worse not better. > Cannabis & privatization. So you support Fraud enriching his friends? Only 25 licenses will be issued by ""lottery""? > Illegal migration. This is not a provincial issue. That and refugees are not ""illegal"". > Economic slowdown This is unavoidable as the US tumbles into stupid town with trade wars and political games. That and the coming automation boom. All we can do is shore up our social net to catch the inevitable masses that will be left by the wayside. > credit collapse Did you here our credit rating got lowered again because of the PCs policies? > Poor savings rates This is going to get worse not better. The Liberals were trying to at least do something about this. What do the PC have in plan? > High energy rates due to bad government energy policy. I agree. the PCs meddling in hydro one have already cost the company $180million. It's going to get worse not better. > Higher interest rates. Our interest rates are at historic lows and have been for a long time. It's part of the reason we have a housing bubble. It's also a central bank thing that has nothing to do with the PCs or Ontario. The rest of your stuff is again, general societal issues which are not going to be solved by ANY PC or C government. And any sort of act to combat any of those things would be very counter to Libertaianism. ",climate policy critique
"The world economy would collapse if oil and gas producers shut in their wells tomorrow or ceased investing in any new drilling. As far as climate change goes, I recommend you read Steve Koonin's new novel, 'Unsettled', as you will be immersed in facts that might trigger you and your beliefs on climate and weather.",climate information
"you are making a classic mistake, false equivalency. your analogy of cars vs trucks, while understandably irreverent belies the trap you have fallen into such a distinction is not the same as denying climate change and implementing policies that will exacerbate it vs accepting climate change and implementing policies that will address it or allowing coal companies to [dump coal waste containing mercury, arsenic and other harmful chemicals]([URL] into rivers vs not allowing them to pollute waterways or enshrining net neutrality vs trying to falsely misrepresent net neutrality as a bad thing and do everything possible to break it these are not differences that are subjective in nature, it isn't as if we're talking about coca-cola vs pepsi. these choices make a massive amount of difference in people's lives and one is invariably harmful while the other is helpful. if you recognize that you are not 'biased', you are a realist and intelligent if one person says it is raining now and the other says it is sunny outside right now, you don't just slice things down the middle and say, let's just agree that it is partly sunny/rainy and try to get along! no! you open a window and check which it is and then go with reality and to hell with the person's opinion that is wrong. it is not 'impolite' or 'biased' to base your worldview on evidence and facts ",climate opinion critique
"You are not explaining anything. You are asserting that 4 billion people are going to perish, and hand-wave the word climate change and physics with no reason to believe such a thing will happen. Climate change is going to result in climate change. Whose impacts are likely to fall mostly onto on the global poor. And the less efforts we make towards getting to net zero CO2 locks us into increased global averages. But there are no reasonable experts in the climate field who think that those changes are not adaptable, or dramatic enough to cause the mass deaths of 4 billion people.",climate nihilism critique
If he hadn't followed the Cheeto Mussolini he'd be widely unpopular for doing absolutely nothing of value. Even his big climate change bill is a huge giveaway to fossil fuel companies. I'm old enough to remember Biden in the Senate voting with Republicans a significant portion of the time,climate policy critique
"I did, son, but climate change killed it. Still, I voted for the Libs because I do love a franking credit! (I don't know what a franking credit is).",not climate opinion
"You might be typing on your computer thanks to coal, nuclear, hydro, nat gas. (Fracking is most likely). The biggest concern for a power company is keeping the heat or AC on for customers so they don't die of exposure. And lights on at hospitals, manufacturing centers, etc. After that they can worry about carbon footprints. Reliability > Environmental Impact. Humans First. _____________________________________________________ But on that same token we all keep the environment in mind and try to limit carbon output. Climate Change will affect us in the near future, but the present is generally more concerning. ",climate action critique
"Yes, I think American right leaning people deep down know that climate change is real, but they deny it to own the libs, to avoid changing their lifestyles (hence they're conservatives), and because of their private interests. Or simply because they're bought.",climate denial critique
Without question the Koch brothers David and Charles. They have spent hundreds of millions of dollars over the last 40 years denying climate change and preventing governments around the world from taking the necessary steps to prevent it. This will lead to the complete collapse of civilization as we know it within the next few decades.,climate nihilism
The Trump administration has told scientists that all findings will have to go through a 'political review' by the white house before it can be published from now on. Along with things like their appointments of a climate change denier to the head of the EPA.,climate policy critique
"For me, the two biggest lies are religion and the food industry. The lie that animals need to be killed for food. That if we don't eat animal products we won't get enough protein. That certain animals don't feel fear and pain and therefore its OK to systematically torture and kill them by the millions on a daily basis. That it's ok to repeatedly impregnate a cow, tear her calves away over and over again, and use her until she is broken then slaughter her, just so we can drink her mucous. That eating animal products has no impact on climate change. ",climate anxiety
"I would disagree. I'd say the problem is we haven't truly accepted how fucked we all are. While climate change is dangerous, the approach by activists is to, in my view, treat it as a managed panic. ""It's bad, but it's time for us to roll up our sleeves and get serious."" This gives people an out, a little bit of hope we can cling onto to imagine at the last second we'll save ourselves. That hope is an impediment to getting anything done. I think only when people become convinced that climate change will kill them, personally, that things will get done. Fear is a far better motivator than hope.",climate nihilism
"It's amazing to hear about the knowledge of these past generations that are usually portrayed in a not so complimentary light. I also read about the study of tree rings and how droughts have been a constant throughout history for ages, sometimes lasting hundreds of years. People leading this climate change doomsday shite are using a rearview mirror that is extremely limited in scope, only taking into account a few decades at best. Have you heard about the doomsday ice age/big freeze that was being warned about in the 80's?",climate denial
"climate change isn't based on a butterfly effect, but on millions of tiny changes in the environment accumulating over years. The butterfly effect blames large outcomes on a single small act, but climate change is more like dropping grains of sand into a pile, watching the scales shift.",climate information
"Okay? I don't use Spotify and I'm guessing a lot of that has to do with how many members were in the free tier. That also doesn't change the current climate of streaming services. Tidal needs to do that to compete currently, regardless of what Spotify did in the past, when this market was a lot smaller and much more concentrated.",not climate opinion
"It was only invented like 50 years ago, so not much time for growth in player base, compared to ball golf. Covid has caused it to surge in popularity lately, though. Certainly a chance disc golf rivals or surpasses ball golf one day, especially with climate change making it impossible to keep ball golf courses irrigated in mamy areas.",climate nihilism
"The University is going ahead with plans to encourage sustainability on a campus level, but the sad truth is that individual sustainability is unfortunately not enough to arrest climate change, and we need a substantial systematic shifts. Divestment helps accomplish this through financial and political pressure. I would also suggest that not divesting from fossil fuels is ""screwing the students of the future"", given that we are encouraging growth in an industry that is antithetic to survival and prosperity. That might sound dramatic, but we are already seeing the effects of climate change even here in Canada as natural disasters grow steadily more extreme. If we were going to make incremental change to slowly transition to a green economy through the free market, then the ideal time to start was 30 years ago. Unfortunately, [largely through the actions of key players in the fossil fuel industry]([URL] this has not been the case. Attempts to address climate change now are inevitably going to carry risk, but given our time scales ([30 years to reach net zero carbon emissions]([URL] that's to be expected. We've already seen a successful economy shift as a result of policy and political pressure with the [Montreal Protocol]([URL] where global leaders committed to banning CFCs and other ozone-depleting substances to help close the hole in the ozone. Obviously the Canadian economy is a lot more reliant on fossil fuels than CFCs, but the truth of the matter is that pressure drives innovation too. This is the kind of change we need if we're going to protect our futures, and the futures of students that come after us.",climate activism